{"cameraMode":{"drawMode":0,"name":"Shaded","section":"Shading Mode"},"sceneLighting":true,"audioPlay":false,"sceneViewState":{"showFog":true,"showMaterialUpdate":false,"showSkybox":true,"showFlares":true,"showImageEffects":true,"showParticleSystems":true},"in2DMode":false,"pivot":{"x":1.3915098905563355,"y":1.4499225616455079,"z":-0.11960947513580322},"rotation":{"x":-0.6953437328338623,"y":-2.2457153914245966e-9,"z":-3.9324690170872149e-9,"w":-0.7186773419380188},"size":19.246599197387697,"orthographic":false}